id;transaction_name;amount;sender_id;receiver_id;type;status;note
1;intuitive Frozen Borders;37106;89801;78297;22445;copy Berkshire Dong;firewall Dollar back-end
2;interface hierarchy;93215;95882;47352;33129;Shoes Rubber;Tasty Ohio
3;silver distributed;1261;77374;85877;16845;capacitor;navigating optical
4;exploit Account Centralized;50435;57919;92295;11411;Gorgeous Automotive;Swiss monitor primary
5;Wooden;30291;19392;76398;6846;Sharable Enhanced hack;e-services
6;New;45647;74390;96065;90702;Toys parsing;multi-byte
7;Strategist Avon;35585;50052;33377;44361;Granite connecting clear-thinking;Riyal
8;Planner optical Kentucky;83067;43335;7781;22153;functionalities deposit digital;neural Account Personal
9;SAS;47070;69514;20606;26361;Solutions;digital
10;Cheese Towels;76539;71068;1834;10783;actuating integrated Function-based;mesh heuristic
